{"bboxes": [[168.739990234375, 108.18195343017578, 297.3948974609375, 152.93124389648438], [215.08834838867188, 173.0975341796875, 460.9971618652344, 375.2169494628906], [244.98782348632812, 110.82291412353516, 374.8878173828125, 151.97018432617188], [379.73388671875, 124.52336120605469, 432.2144470214844, 175.6494140625], [166.56578063964844, 107.37256622314453, 231.80027770996094, 147.20339965820312], [215.91790771484375, 174.1837921142578, 460.777099609375, 372.955810546875], [220.51329040527344, 170.34225463867188, 457.7244873046875, 372.92095947265625], [216.40042114257812, 170.6307373046875, 456.9619140625, 378.4132385253906], [215.73458862304688, 171.95457458496094, 461.2136535644531, 366.5613708496094], [294.9549255371094, 115.25576782226562, 370.0724182128906, 150.38409423828125], [379.9759826660156, 124.28656005859375, 432.0521545410156, 175.51011657714844], [380.0291748046875, 123.19306182861328, 432.9422607421875, 181.1737060546875], [215.76441955566406, 173.89344787597656, 459.26953125, 370.86700439453125], [178.23291015625, 110.97233581542969, 367.3387145996094, 152.27752685546875], [211.3375244140625, 165.08485412597656, 459.7714538574219, 378.73699951171875], [265.3988952636719, 105.5647201538086, 332.6675109863281, 148.45211791992188], [379.7135925292969, 123.95706939697266, 433.7929992675781, 188.23622131347656], [381.4695739746094, 120.12161254882812, 432.8795166015625, 187.9241485595703]], "labels": [6, 8, 6, 14, 6, 12, 1, 10, 3, 6, 2, 3, 2, 5, 6, 6, 12, 16], "scores": [0.6550010442733765, 0.4328141510486603, 0.25382646918296814, 0.22725258767604828, 0.12916213274002075, 0.10912264883518219, 0.10865955799818039, 0.08281831443309784, 0.06114839389920235, 0.04601772129535675, 0.03459334746003151, 0.03234489634633064, 0.029552681371569633, 0.028432874009013176, 0.023056313395500183, 0.022622091695666313, 0.020748021081089973, 0.006955480203032494]}